,date,open,high,low,close
0,2022-11-05 19:00:00,21291.79000000,21345.08000000,21283.39000000,21331.11000000
1,2022-11-05 20:00:00,21330.58000000,21380.00000000,21322.00000000,21352.42000000
2,2022-11-05 21:00:00,21352.42000000,21358.83000000,21321.87000000,21335.35000000
3,2022-11-05 22:00:00,21335.18000000,21346.91000000,21289.29000000,21296.95000000
4,2022-11-05 23:00:00,21296.17000000,21315.00000000,21233.33000000,21299.37000000
5,2022-11-06 00:00:00,21299.37000000,21365.27000000,21290.80000000,21325.19000000
6,2022-11-06 01:00:00,21325.88000000,21346.16000000,21190.00000000,21197.33000000
7,2022-11-06 02:00:00,21197.33000000,21280.64000000,21189.44000000,21238.58000000
8,2022-11-06 03:00:00,21238.22000000,21255.20000000,21203.51000000,21233.88000000
9,2022-11-06 04:00:00,21234.44000000,21252.54000000,21212.99000000,21227.73000000
10,2022-11-06 05:00:00,21228.62000000,21240.95000000,21143.27000000,21155.41000000
11,2022-11-06 06:00:00,21154.86000000,21191.17000000,21144.92000000,21171.47000000
12,2022-11-06 07:00:00,21171.47000000,21206.00000000,21157.23000000,21194.49000000
13,2022-11-06 08:00:00,21193.88000000,21310.00000000,21173.03000000,21253.70000000
14,2022-11-06 09:00:00,21253.70000000,21299.78000000,21231.46000000,21241.20000000
15,2022-11-06 10:00:00,21240.37000000,21280.00000000,21236.40000000,21263.67000000
16,2022-11-06 11:00:00,21263.67000000,21274.90000000,21178.01000000,21255.08000000
17,2022-11-06 12:00:00,21254.80000000,21269.99000000,21218.40000000,21227.01000000
18,2022-11-06 13:00:00,21227.82000000,21249.48000000,21206.62000000,21220.48000000
19,2022-11-06 14:00:00,21219.92000000,21258.65000000,21190.81000000,21225.84000000
20,2022-11-06 15:00:00,21226.20000000,21289.49000000,21223.78000000,21241.10000000
21,2022-11-06 16:00:00,21241.85000000,21275.00000000,21152.46000000,21257.44000000
22,2022-11-06 17:00:00,21257.74000000,21282.19000000,21218.56000000,21247.11000000
23,2022-11-06 18:00:00,21247.11000000,21252.74000000,21195.04000000,21223.55000000
24,2022-11-06 19:00:00,21223.24000000,21237.75000000,21170.00000000,21194.50000000
25,2022-11-06 20:00:00,21194.50000000,21204.73000000,21158.00000000,21203.30000000
26,2022-11-06 21:00:00,21204.13000000,21211.62000000,21110.56000000,21127.33000000
27,2022-11-06 22:00:00,21126.89000000,21175.70000000,21043.92000000,21139.22000000
28,2022-11-06 23:00:00,21138.63000000,21151.13000000,20886.13000000,20905.58000000
29,2022-11-07 00:00:00,20905.58000000,20952.00000000,20836.74000000,20899.11000000
30,2022-11-07 01:00:00,20899.11000000,21004.23000000,20820.00000000,20985.62000000
31,2022-11-07 02:00:00,20986.40000000,21069.77000000,20960.53000000,20987.21000000
32,2022-11-07 03:00:00,20987.21000000,20990.00000000,20878.00000000,20913.82000000
33,2022-11-07 04:00:00,20913.82000000,20914.60000000,20818.65000000,20892.42000000
34,2022-11-07 05:00:00,20891.82000000,20918.33000000,20843.75000000,20858.95000000
35,2022-11-07 06:00:00,20858.95000000,20909.72000000,20776.87000000,20861.43000000
36,2022-11-07 07:00:00,20861.56000000,20868.66000000,20612.67000000,20635.74000000
37,2022-11-07 08:00:00,20635.10000000,20726.49000000,20571.52000000,20716.86000000
38,2022-11-07 09:00:00,20716.86000000,20757.81000000,20680.54000000,20681.13000000
39,2022-11-07 10:00:00,20682.15000000,20811.92000000,20674.00000000,20757.61000000
40,2022-11-07 11:00:00,20757.61000000,20781.77000000,20720.09000000,20733.46000000
41,2022-11-07 12:00:00,20733.97000000,20773.77000000,20688.28000000,20761.00000000
42,2022-11-07 13:00:00,20761.00000000,20798.74000000,20697.58000000,20721.50000000
43,2022-11-07 14:00:00,20720.72000000,20764.29000000,20626.25000000,20654.36000000
44,2022-11-07 15:00:00,20655.04000000,20776.15000000,20644.29000000,20764.95000000
45,2022-11-07 16:00:00,20764.95000000,20803.41000000,20660.00000000,20662.98000000
46,2022-11-07 17:00:00,20662.98000000,20720.37000000,20652.52000000,20703.00000000
47,2022-11-07 18:00:00,20702.60000000,20733.70000000,20685.02000000,20711.71000000
48,2022-11-07 19:00:00,20711.71000000,20892.04000000,20706.63000000,20847.51000000
49,2022-11-07 20:00:00,20848.33000000,20890.71000000,20797.29000000,20804.19000000
50,2022-11-07 21:00:00,20802.69000000,20835.99000000,20616.34000000,20681.03000000
51,2022-11-07 22:00:00,20681.97000000,20685.00000000,20384.89000000,20461.43000000
52,2022-11-07 23:00:00,20460.41000000,20607.00000000,20445.58000000,20591.13000000
53,2022-11-08 00:00:00,20590.67000000,20629.67000000,20499.22000000,20514.25000000
54,2022-11-08 01:00:00,20515.11000000,20638.15000000,20494.53000000,20628.76000000
55,2022-11-08 02:00:00,20628.76000000,20673.38000000,20434.12000000,20444.52000000
56,2022-11-08 03:00:00,20443.44000000,20534.00000000,20116.13000000,20148.66000000
57,2022-11-08 04:00:00,20147.62000000,20242.40000000,19546.70000000,19637.09000000
58,2022-11-08 05:00:00,19636.07000000,19735.34000000,19344.00000000,19704.38000000
59,2022-11-08 06:00:00,19704.38000000,19856.08000000,19650.00000000,19783.01000000
60,2022-11-08 07:00:00,19782.20000000,19855.30000000,19720.00000000,19796.90000000
61,2022-11-08 08:00:00,19796.90000000,19801.39000000,19663.03000000,19729.90000000
62,2022-11-08 09:00:00,19729.90000000,19794.30000000,19695.46000000,19776.33000000
63,2022-11-08 10:00:00,19775.80000000,19786.31000000,19649.14000000,19690.25000000
64,2022-11-08 11:00:00,19690.25000000,19736.83000000,19580.33000000,19699.04000000
65,2022-11-08 12:00:00,19699.04000000,19746.78000000,19645.66000000,19722.32000000
66,2022-11-08 13:00:00,19723.21000000,19727.35000000,19500.01000000,19554.76000000
67,2022-11-08 14:00:00,19554.76000000,19650.00000000,19306.12000000,19412.32000000
68,2022-11-08 15:00:00,19416.85000000,19530.00000000,19229.00000000,19520.97000000
69,2022-11-08 16:00:00,19522.00000000,20700.88000000,19481.14000000,20371.06000000
70,2022-11-08 17:00:00,20369.58000000,20438.77000000,19324.99000000,19342.67000000
71,2022-11-08 18:00:00,19342.67000000,19550.00000000,18386.00000000,18600.51000000
72,2022-11-08 19:00:00,18600.51000000,18723.42000000,17166.83000000,18256.64000000
73,2022-11-08 20:00:00,18255.24000000,18489.80000000,17810.49000000,18159.77000000
74,2022-11-08 21:00:00,18159.77000000,18719.73000000,18135.00000000,18702.22000000
75,2022-11-08 22:00:00,18700.79000000,18730.00000000,18377.40000000,18459.68000000
76,2022-11-08 23:00:00,18459.68000000,18645.89000000,18370.00000000,18547.23000000
77,2022-11-09 00:00:00,18545.38000000,18587.76000000,18325.00000000,18335.76000000
78,2022-11-09 01:00:00,18334.39000000,18495.00000000,18293.36000000,18322.44000000
79,2022-11-09 02:00:00,18321.46000000,18428.30000000,18113.73000000,18127.94000000
80,2022-11-09 03:00:00,18127.94000000,18345.01000000,18000.00000000,18313.68000000
81,2022-11-09 04:00:00,18313.68000000,18391.46000000,18193.74000000,18256.11000000
82,2022-11-09 05:00:00,18256.09000000,18517.58000000,18173.09000000,18401.15000000
83,2022-11-09 06:00:00,18401.15000000,18459.79000000,18292.62000000,18304.35000000
84,2022-11-09 07:00:00,18304.35000000,18354.28000000,18202.59000000,18240.72000000
85,2022-11-09 08:00:00,18239.34000000,18256.85000000,18041.17000000,18150.60000000
86,2022-11-09 09:00:00,18152.27000000,18156.82000000,17623.04000000,17763.99000000
87,2022-11-09 10:00:00,17763.68000000,17870.33000000,17250.33000000,17689.30000000
88,2022-11-09 11:00:00,17689.30000000,17884.00000000,17552.39000000,17818.08000000
89,2022-11-09 12:00:00,17817.07000000,18015.00000000,17417.79000000,17619.85000000
90,2022-11-09 13:00:00,17617.84000000,17713.64000000,17298.90000000,17582.24000000
91,2022-11-09 14:00:00,17582.24000000,17816.39000000,17361.51000000,17649.62000000
92,2022-11-09 15:00:00,17649.62000000,17834.99000000,16918.83000000,17116.08000000
93,2022-11-09 16:00:00,17119.61000000,17333.33000000,16857.00000000,17084.92000000
94,2022-11-09 17:00:00,17084.94000000,17225.86000000,16800.00000000,16957.66000000
95,2022-11-09 18:00:00,16954.94000000,17021.98000000,16441.53000000,16602.53000000
96,2022-11-09 19:00:00,16602.53000000,17025.18000000,16590.00000000,16784.64000000
97,2022-11-09 20:00:00,16784.64000000,16900.00000000,16112.00000000,16237.79000000
98,2022-11-09 21:00:00,16237.79000000,16262.31000000,15671.00000000,15751.13000000
99,2022-11-09 22:00:00,15747.69000000,16095.00000000,15591.00000000,15874.66000000
100,2022-11-09 23:00:00,15875.17000000,16000.00000000,15588.00000000,15922.81000000
101,2022-11-10 00:00:00,15922.68000000,16342.64000000,15754.26000000,16272.46000000
102,2022-11-10 01:00:00,16270.00000000,16445.46000000,16080.00000000,16140.29000000
103,2022-11-10 02:00:00,16140.29000000,16263.15000000,16044.67000000,16211.61000000
104,2022-11-10 03:00:00,16210.23000000,16574.92000000,16184.10000000,16369.59000000
105,2022-11-10 04:00:00,16370.64000000,16506.98000000,16204.36000000,16499.68000000
106,2022-11-10 05:00:00,16498.26000000,16785.00000000,16493.06000000,16726.59000000
107,2022-11-10 06:00:00,16726.58000000,16907.14000000,16618.87000000,16706.30000000
108,2022-11-10 07:00:00,16705.02000000,16920.00000000,16637.37000000,16752.10000000
109,2022-11-10 08:00:00,16752.36000000,16959.99000000,16475.02000000,16844.49000000
110,2022-11-10 09:00:00,16846.00000000,16855.67000000,16646.49000000,16694.14000000
111,2022-11-10 10:00:00,16694.14000000,16744.60000000,16340.00000000,16403.74000000
112,2022-11-10 11:00:00,16403.74000000,16544.19000000,16258.74000000,16397.57000000
113,2022-11-10 12:00:00,16399.03000000,16897.47000000,16386.66000000,16672.03000000
114,2022-11-10 13:00:00,16675.47000000,17800.00000000,16548.14000000,17650.93000000
115,2022-11-10 14:00:00,17653.24000000,17749.00000000,17390.45000000,17636.39000000
116,2022-11-10 15:00:00,17636.39000000,17960.04000000,17383.62000000,17554.06000000
117,2022-11-10 16:00:00,17556.12000000,17989.00000000,17448.36000000,17786.53000000
118,2022-11-10 17:00:00,17788.14000000,17840.00000000,17120.94000000,17197.23000000
119,2022-11-10 18:00:00,17197.23000000,17480.47000000,17180.00000000,17360.81000000
120,2022-11-10 19:00:00,17362.93000000,17500.00000000,17226.42000000,17455.62000000
121,2022-11-10 20:00:00,17456.98000000,18199.00000000,17374.81000000,18108.48000000
122,2022-11-10 21:00:00,18105.16000000,18166.65000000,17766.91000000,17858.67000000
123,2022-11-10 22:00:00,17856.17000000,17892.74000000,17677.53000000,17823.27000000
124,2022-11-10 23:00:00,17825.07000000,17856.72000000,17478.00000000,17601.15000000
125,2022-11-11 00:00:00,17602.45000000,17660.00000000,17404.87000000,17553.81000000
126,2022-11-11 01:00:00,17553.81000000,17695.00000000,17202.38000000,17269.21000000
127,2022-11-11 02:00:00,17269.21000000,17362.01000000,17013.76000000,17204.27000000
128,2022-11-11 03:00:00,17203.11000000,17216.21000000,16888.76000000,17064.12000000
129,2022-11-11 04:00:00,17064.12000000,17184.39000000,17002.97000000,17084.41000000
130,2022-11-11 05:00:00,17083.18000000,17398.00000000,17055.82000000,17357.62000000
131,2022-11-11 06:00:00,17359.45000000,17430.33000000,17162.99000000,17268.77000000
132,2022-11-11 07:00:00,17268.77000000,17483.90000000,17153.84000000,17404.08000000
133,2022-11-11 08:00:00,17404.09000000,17537.00000000,17271.21000000,17397.56000000
134,2022-11-11 09:00:00,17398.85000000,17438.26000000,17307.64000000,17392.14000000
135,2022-11-11 10:00:00,17392.14000000,17422.55000000,17209.20000000,17336.64000000
136,2022-11-11 11:00:00,17334.41000000,17467.60000000,17294.01000000,17350.70000000
137,2022-11-11 12:00:00,17349.45000000,17414.52000000,17258.23000000,17400.33000000
138,2022-11-11 13:00:00,17399.17000000,17544.90000000,17292.38000000,17303.82000000
139,2022-11-11 14:00:00,17303.39000000,17328.00000000,16361.60000000,16916.02000000
140,2022-11-11 15:00:00,16916.02000000,17050.00000000,16673.06000000,16871.27000000
141,2022-11-11 16:00:00,16871.27000000,16934.50000000,16543.95000000,16836.28000000
142,2022-11-11 17:00:00,16836.28000000,16963.71000000,16750.10000000,16909.31000000
143,2022-11-11 18:00:00,16909.31000000,17045.09000000,16802.07000000,16837.11000000
144,2022-11-11 19:00:00,16838.56000000,16893.42000000,16672.29000000,16849.17000000
145,2022-11-11 20:00:00,16849.17000000,16868.17000000,16555.77000000,16626.64000000
146,2022-11-11 21:00:00,16626.64000000,16900.00000000,16614.21000000,16803.15000000
147,2022-11-11 22:00:00,16804.07000000,16989.10000000,16790.00000000,16920.95000000
148,2022-11-11 23:00:00,16922.96000000,17148.96000000,16834.37000000,17070.31000000
149,2022-11-12 00:00:00,17069.98000000,17119.10000000,16857.86000000,16901.29000000
150,2022-11-12 01:00:00,16901.29000000,16932.84000000,16801.17000000,16894.43000000
151,2022-11-12 02:00:00,16893.43000000,17001.98000000,16857.13000000,16890.49000000
152,2022-11-12 03:00:00,16889.02000000,16932.88000000,16774.00000000,16907.44000000
153,2022-11-12 04:00:00,16907.58000000,16938.20000000,16739.29000000,16766.72000000
154,2022-11-12 05:00:00,16766.72000000,16787.56000000,16631.39000000,16703.62000000
155,2022-11-12 06:00:00,16701.86000000,16818.71000000,16676.72000000,16760.30000000
156,2022-11-12 07:00:00,16760.67000000,16872.86000000,16753.73000000,16822.02000000
157,2022-11-12 08:00:00,16822.02000000,16905.85000000,16727.13000000,16842.46000000
158,2022-11-12 09:00:00,16841.35000000,16905.22000000,16800.00000000,16863.98000000
159,2022-11-12 10:00:00,16864.46000000,16977.45000000,16807.13000000,16843.88000000
160,2022-11-12 11:00:00,16842.66000000,16887.51000000,16790.30000000,16866.92000000
161,2022-11-12 12:00:00,16866.46000000,16918.29000000,16809.83000000,16862.99000000
162,2022-11-12 13:00:00,16863.46000000,16869.00000000,16757.00000000,16840.79000000
163,2022-11-12 14:00:00,16839.75000000,16964.90000000,16799.28000000,16900.01000000
164,2022-11-12 15:00:00,16901.33000000,16996.35000000,16873.84000000,16935.74000000
165,2022-11-12 16:00:00,16935.74000000,16964.37000000,16870.01000000,16888.68000000
166,2022-11-12 17:00:00,16889.57000000,16910.83000000,16857.47000000,16891.69000000
167,2022-11-12 18:00:00,16891.69000000,16899.99000000,16830.00000000,16871.49000000
168,2022-11-12 19:00:00,16871.49000000,16902.03000000,16846.82000000,16891.32000000
169,2022-11-12 20:00:00,16892.41000000,16897.68000000,16791.71000000,16820.32000000
170,2022-11-12 21:00:00,16820.98000000,16862.50000000,16767.73000000,16819.64000000
171,2022-11-12 22:00:00,16818.73000000,16858.04000000,16791.00000000,16835.63000000
172,2022-11-12 23:00:00,16835.63000000,16840.15000000,16760.00000000,16812.08000000
173,2022-11-13 00:00:00,16813.16000000,16886.00000000,16774.07000000,16842.60000000
174,2022-11-13 01:00:00,16841.84000000,16905.90000000,16840.10000000,16879.34000000
175,2022-11-13 02:00:00,16878.63000000,16905.19000000,16856.99000000,16895.56000000
176,2022-11-13 03:00:00,16894.79000000,16954.28000000,16865.08000000,16914.60000000
177,2022-11-13 04:00:00,16915.02000000,16926.15000000,16854.16000000,16863.77000000
178,2022-11-13 05:00:00,16864.60000000,16873.12000000,16837.18000000,16853.68000000
179,2022-11-13 06:00:00,16853.68000000,16867.88000000,16680.00000000,16684.45000000
180,2022-11-13 07:00:00,16684.45000000,16801.01000000,16562.82000000,16774.99000000
181,2022-11-13 08:00:00,16774.99000000,16795.92000000,16606.05000000,16650.36000000
182,2022-11-13 09:00:00,16650.89000000,16675.07000000,16435.23000000,16538.58000000
183,2022-11-13 10:00:00,16538.58000000,16625.82000000,16508.01000000,16585.14000000
184,2022-11-13 11:00:00,16585.14000000,16728.12000000,16562.43000000,16659.23000000
185,2022-11-13 12:00:00,16659.23000000,16671.76000000,16590.10000000,16609.22000000
186,2022-11-13 13:00:00,16609.78000000,16707.08000000,16590.02000000,16669.53000000
187,2022-11-13 14:00:00,16669.53000000,16714.26000000,16616.92000000,16632.93000000
188,2022-11-13 15:00:00,16633.82000000,16652.36000000,16517.85000000,16580.79000000
189,2022-11-13 16:00:00,16579.49000000,16621.23000000,16485.32000000,16586.45000000
190,2022-11-13 17:00:00,16586.45000000,16591.96000000,16463.68000000,16551.89000000
191,2022-11-13 18:00:00,16551.44000000,16568.64000000,16461.16000000,16527.06000000
192,2022-11-13 19:00:00,16527.06000000,16579.58000000,16498.00000000,16554.60000000
193,2022-11-13 20:00:00,16553.35000000,16583.15000000,16461.80000000,16488.49000000
194,2022-11-13 21:00:00,16488.03000000,16559.70000000,16229.00000000,16390.67000000
195,2022-11-13 22:00:00,16391.66000000,16479.00000000,16338.78000000,16438.35000000
196,2022-11-13 23:00:00,16440.02000000,16448.99000000,16276.20000000,16329.85000000
197,2022-11-14 00:00:00,16331.78000000,16411.99000000,16100.00000000,16259.64000000
198,2022-11-14 01:00:00,16260.11000000,16303.55000000,16000.00000000,16090.87000000
199,2022-11-14 02:00:00,16090.87000000,16223.23000000,15911.61000000,16177.83000000
200,2022-11-14 03:00:00,16178.86000000,16218.63000000,16119.73000000,16139.79000000
201,2022-11-14 04:00:00,16140.66000000,16147.54000000,15853.66000000,15988.79000000
202,2022-11-14 05:00:00,15988.80000000,16009.99000000,15815.21000000,15863.31000000
203,2022-11-14 06:00:00,15863.25000000,16748.66000000,15847.54000000,16635.49000000
204,2022-11-14 07:00:00,16639.75000000,16889.97000000,16385.11000000,16824.78000000
205,2022-11-14 08:00:00,16822.96000000,16935.59000000,16713.75000000,16764.23000000
206,2022-11-14 09:00:00,16764.23000000,16796.99000000,16640.01000000,16752.98000000
207,2022-11-14 10:00:00,16752.99000000,16840.00000000,16709.42000000,16781.35000000
208,2022-11-14 11:00:00,16781.35000000,16886.53000000,16733.68000000,16749.80000000
209,2022-11-14 12:00:00,16748.75000000,16838.88000000,16666.50000000,16823.58000000
210,2022-11-14 13:00:00,16821.66000000,17190.00000000,16502.00000000,16729.90000000
211,2022-11-14 14:00:00,16729.90000000,16806.60000000,16425.67000000,16605.05000000
212,2022-11-14 15:00:00,16606.71000000,16677.00000000,16452.67000000,16595.84000000
213,2022-11-14 16:00:00,16593.77000000,16625.34000000,16356.71000000,16470.14000000
214,2022-11-14 17:00:00,16470.14000000,16619.80000000,16444.30000000,16582.52000000
215,2022-11-14 18:00:00,16582.52000000,16674.97000000,16532.06000000,16613.12000000
216,2022-11-14 19:00:00,16614.82000000,16633.27000000,16181.00000000,16258.21000000
217,2022-11-14 20:00:00,16258.21000000,16339.98000000,16191.58000000,16274.83000000
218,2022-11-14 21:00:00,16276.51000000,16419.99000000,16261.81000000,16406.43000000
219,2022-11-14 22:00:00,16407.87000000,16455.70000000,16355.98000000,16410.56000000
220,2022-11-14 23:00:00,16412.36000000,16765.00000000,16405.00000000,16619.46000000
221,2022-11-15 00:00:00,16617.72000000,16682.09000000,16535.00000000,16565.14000000
222,2022-11-15 01:00:00,16564.16000000,16809.00000000,16527.72000000,16716.70000000
223,2022-11-15 02:00:00,16716.70000000,16806.16000000,16683.00000000,16765.91000000
224,2022-11-15 03:00:00,16765.92000000,16894.56000000,16764.11000000,16823.06000000
225,2022-11-15 04:00:00,16823.06000000,16857.85000000,16756.34000000,16768.84000000
226,2022-11-15 05:00:00,16768.12000000,16799.21000000,16638.59000000,16657.75000000
227,2022-11-15 06:00:00,16657.74000000,16758.85000000,16651.85000000,16750.37000000
228,2022-11-15 07:00:00,16751.34000000,16946.32000000,16744.77000000,16844.63000000
229,2022-11-15 08:00:00,16845.34000000,16989.00000000,16805.89000000,16921.32000000
230,2022-11-15 09:00:00,16920.56000000,16953.94000000,16731.58000000,16797.92000000
231,2022-11-15 10:00:00,16797.92000000,16888.00000000,16757.00000000,16883.12000000
232,2022-11-15 11:00:00,16883.12000000,16969.02000000,16708.31000000,16781.62000000
233,2022-11-15 12:00:00,16783.27000000,16889.09000000,16730.00000000,16835.31000000
234,2022-11-15 13:00:00,16835.31000000,17134.69000000,16823.00000000,17012.53000000
235,2022-11-15 14:00:00,17014.31000000,17014.31000000,16815.08000000,16937.71000000
236,2022-11-15 15:00:00,16936.50000000,17088.00000000,16880.00000000,16987.03000000
237,2022-11-15 16:00:00,16988.07000000,17071.43000000,16918.71000000,17009.37000000
238,2022-11-15 17:00:00,17010.28000000,17069.87000000,16967.04000000,16999.24000000
239,2022-11-15 18:00:00,16999.24000000,17013.08000000,16640.21000000,16734.53000000
240,2022-11-15 19:00:00,16733.00000000,16878.83000000,16614.61000000,16858.77000000
241,2022-11-15 20:00:00,16858.77000000,16939.99000000,16736.47000000,16839.81000000
242,2022-11-15 21:00:00,16839.81000000,16929.98000000,16778.21000000,16911.12000000
243,2022-11-15 22:00:00,16911.10000000,16913.56000000,16844.39000000,16880.49000000
244,2022-11-15 23:00:00,16880.49000000,16904.76000000,16835.58000000,16900.57000000
245,2022-11-16 00:00:00,16900.57000000,16935.39000000,16765.64000000,16786.29000000
246,2022-11-16 01:00:00,16787.44000000,16860.63000000,16777.00000000,16859.19000000
247,2022-11-16 02:00:00,16859.19000000,17015.92000000,16822.43000000,16941.96000000
248,2022-11-16 03:00:00,16943.00000000,16982.60000000,16917.15000000,16969.99000000
249,2022-11-16 04:00:00,16970.87000000,16979.22000000,16892.00000000,16909.42000000
250,2022-11-16 05:00:00,16910.06000000,16957.56000000,16877.04000000,16922.11000000
251,2022-11-16 06:00:00,16922.11000000,16939.88000000,16796.20000000,16866.23000000
252,2022-11-16 07:00:00,16866.62000000,16907.22000000,16821.89000000,16824.69000000
253,2022-11-16 08:00:00,16824.69000000,16850.27000000,16697.15000000,16789.84000000
254,2022-11-16 09:00:00,16789.84000000,16807.05000000,16670.43000000,16744.33000000
255,2022-11-16 10:00:00,16744.33000000,16779.00000000,16680.54000000,16731.47000000
256,2022-11-16 11:00:00,16731.48000000,16775.38000000,16650.29000000,16707.90000000
257,2022-11-16 12:00:00,16706.64000000,16721.23000000,16557.01000000,16659.82000000
258,2022-11-16 13:00:00,16659.33000000,16700.24000000,16449.41000000,16513.61000000
259,2022-11-16 14:00:00,16512.86000000,16580.26000000,16391.03000000,16484.78000000
260,2022-11-16 15:00:00,16484.78000000,16562.85000000,16378.61000000,16431.70000000
261,2022-11-16 16:00:00,16431.70000000,16556.34000000,16401.00000000,16498.65000000
262,2022-11-16 17:00:00,16498.65000000,16636.29000000,16491.99000000,16577.01000000
263,2022-11-16 18:00:00,16577.97000000,16643.23000000,16531.60000000,16549.90000000
264,2022-11-16 19:00:00,16549.05000000,16568.74000000,16452.07000000,16556.88000000
265,2022-11-16 20:00:00,16558.20000000,16602.82000000,16522.24000000,16582.26000000
266,2022-11-16 21:00:00,16582.26000000,16616.04000000,16532.10000000,16549.79000000
267,2022-11-16 22:00:00,16549.79000000,16704.09000000,16499.46000000,16669.61000000
268,2022-11-16 23:00:00,16669.61000000,16773.09000000,16630.00000000,16662.76000000
269,2022-11-17 00:00:00,16661.61000000,16751.00000000,16654.00000000,16702.61000000
270,2022-11-17 01:00:00,16702.61000000,16745.68000000,16682.38000000,16694.30000000
271,2022-11-17 02:00:00,16694.30000000,16704.98000000,16573.20000000,16577.42000000
272,2022-11-17 03:00:00,16577.42000000,16610.82000000,16505.00000000,16526.18000000
273,2022-11-17 04:00:00,16526.18000000,16539.46000000,16410.74000000,16504.00000000
274,2022-11-17 05:00:00,16503.31000000,16618.27000000,16497.62000000,16578.36000000
275,2022-11-17 06:00:00,16579.77000000,16620.00000000,16533.95000000,16570.05000000
276,2022-11-17 07:00:00,16571.69000000,16624.12000000,16535.70000000,16611.90000000
277,2022-11-17 08:00:00,16611.90000000,16635.82000000,16561.66000000,16570.30000000
278,2022-11-17 09:00:00,16571.04000000,16582.68000000,16471.36000000,16522.75000000
279,2022-11-17 10:00:00,16522.19000000,16557.00000000,16500.16000000,16526.51000000
280,2022-11-17 11:00:00,16526.51000000,16615.99000000,16523.45000000,16595.08000000
281,2022-11-17 12:00:00,16594.19000000,16604.71000000,16546.39000000,16577.35000000
282,2022-11-17 13:00:00,16577.35000000,16580.38000000,16430.00000000,16492.50000000
283,2022-11-17 14:00:00,16492.50000000,16553.76000000,16458.09000000,16511.21000000
284,2022-11-17 15:00:00,16511.21000000,16717.49000000,16500.01000000,16536.71000000
285,2022-11-17 16:00:00,16534.61000000,16682.00000000,16517.36000000,16655.09000000
286,2022-11-17 17:00:00,16655.09000000,16707.70000000,16615.80000000,16693.40000000
287,2022-11-17 18:00:00,16693.40000000,16748.94000000,16669.03000000,16703.16000000
288,2022-11-17 19:00:00,16702.44000000,16713.00000000,16602.41000000,16620.56000000
289,2022-11-17 20:00:00,16620.56000000,16701.48000000,16608.98000000,16694.16000000
290,2022-11-17 21:00:00,16694.35000000,16749.00000000,16682.05000000,16694.55000000
291,2022-11-17 22:00:00,16694.55000000,16735.00000000,16666.23000000,16710.92000000
292,2022-11-17 23:00:00,16710.92000000,16730.00000000,16650.49000000,16692.56000000
293,2022-11-18 00:00:00,16692.56000000,16971.99000000,16682.06000000,16950.74000000
294,2022-11-18 01:00:00,16950.74000000,17011.00000000,16854.37000000,16889.82000000
295,2022-11-18 02:00:00,16889.82000000,16980.10000000,16842.68000000,16920.13000000
296,2022-11-18 03:00:00,16919.39000000,16948.29000000,16850.00000000,16854.98000000
297,2022-11-18 04:00:00,16855.75000000,16869.08000000,16773.49000000,16808.69000000
298,2022-11-18 05:00:00,16808.69000000,16849.19000000,16782.47000000,16805.13000000
299,2022-11-18 06:00:00,16805.57000000,16823.19000000,16742.49000000,16794.65000000
300,2022-11-18 07:00:00,16794.13000000,16801.43000000,16724.32000000,16745.10000000
301,2022-11-18 08:00:00,16745.84000000,16749.89000000,16680.00000000,16737.44000000
302,2022-11-18 09:00:00,16737.44000000,16766.24000000,16719.45000000,16739.50000000
303,2022-11-18 10:00:00,16740.00000000,16854.33000000,16722.31000000,16767.85000000
304,2022-11-18 11:00:00,16767.25000000,16787.26000000,16712.04000000,16749.88000000
305,2022-11-18 12:00:00,16750.25000000,16792.17000000,16744.90000000,16777.98000000
306,2022-11-18 13:00:00,16778.29000000,16818.00000000,16729.23000000,16752.93000000
307,2022-11-18 14:00:00,16752.93000000,16785.14000000,16651.80000000,16700.52000000
308,2022-11-18 15:00:00,16699.35000000,16716.00000000,16608.80000000,16696.86000000
309,2022-11-18 16:00:00,16695.06000000,16732.85000000,16625.18000000,16654.80000000
310,2022-11-18 17:00:00,16654.79000000,16667.43000000,16550.19000000,16597.08000000
311,2022-11-18 18:00:00,16596.06000000,16613.03000000,16546.04000000,16587.43000000
312,2022-11-18 19:00:00,16588.11000000,16674.31000000,16567.28000000,16656.37000000
313,2022-11-18 20:00:00,16656.36000000,16683.00000000,16610.00000000,16639.06000000
314,2022-11-18 21:00:00,16639.06000000,16676.58000000,16630.05000000,16651.93000000
315,2022-11-18 22:00:00,16651.93000000,16671.80000000,16626.83000000,16665.73000000
316,2022-11-18 23:00:00,16665.73000000,16727.99000000,16628.94000000,16700.45000000
317,2022-11-19 00:00:00,16699.43000000,16708.77000000,16662.26000000,16664.26000000
318,2022-11-19 01:00:00,16664.77000000,16682.71000000,16650.72000000,16664.75000000
319,2022-11-19 02:00:00,16665.69000000,16665.70000000,16573.94000000,16624.24000000
320,2022-11-19 03:00:00,16624.24000000,16652.96000000,16611.89000000,16628.70000000
321,2022-11-19 04:00:00,16628.70000000,16649.00000000,16615.11000000,16635.14000000
322,2022-11-19 05:00:00,16635.14000000,16642.89000000,16553.53000000,16597.92000000
323,2022-11-19 06:00:00,16598.73000000,16622.62000000,16567.95000000,16609.44000000
324,2022-11-19 07:00:00,16609.44000000,16618.99000000,16597.05000000,16599.31000000
325,2022-11-19 08:00:00,16598.98000000,16663.27000000,16580.00000000,16643.27000000
326,2022-11-19 09:00:00,16643.08000000,16650.30000000,16626.12000000,16635.10000000
327,2022-11-19 10:00:00,16635.10000000,16646.92000000,16622.06000000,16636.33000000
328,2022-11-19 11:00:00,16636.33000000,16683.01000000,16636.33000000,16676.26000000
329,2022-11-19 12:00:00,16676.26000000,16686.86000000,16640.00000000,16654.20000000
330,2022-11-19 13:00:00,16654.61000000,16665.11000000,16634.01000000,16649.31000000
331,2022-11-19 14:00:00,16649.31000000,16668.97000000,16641.59000000,16651.82000000
332,2022-11-19 15:00:00,16651.82000000,16677.93000000,16646.27000000,16655.65000000
333,2022-11-19 16:00:00,16655.65000000,16664.00000000,16644.32000000,16655.00000000
334,2022-11-19 17:00:00,16655.00000000,16658.99000000,16608.35000000,16614.65000000
335,2022-11-19 18:00:00,16614.02000000,16646.84000000,16611.13000000,16625.22000000
336,2022-11-19 19:00:00,16625.22000000,16638.61000000,16621.45000000,16627.33000000
337,2022-11-19 20:00:00,16627.33000000,16648.73000000,16625.98000000,16633.75000000
338,2022-11-19 21:00:00,16634.15000000,16687.25000000,16633.00000000,16679.49000000
339,2022-11-19 22:00:00,16679.49000000,16822.41000000,16678.12000000,16738.20000000
340,2022-11-19 23:00:00,16738.20000000,16775.50000000,16691.30000000,16700.68000000
341,2022-11-20 00:00:00,16700.68000000,16738.77000000,16686.51000000,16719.98000000
342,2022-11-20 01:00:00,16719.98000000,16753.33000000,16669.92000000,16684.71000000
343,2022-11-20 02:00:00,16684.30000000,16710.12000000,16667.06000000,16684.35000000
344,2022-11-20 03:00:00,16684.36000000,16698.82000000,16666.47000000,16679.99000000
345,2022-11-20 04:00:00,16679.99000000,16698.00000000,16671.89000000,16684.24000000
346,2022-11-20 05:00:00,16684.24000000,16697.63000000,16671.00000000,16687.76000000
347,2022-11-20 06:00:00,16687.77000000,16698.00000000,16675.32000000,16687.34000000
348,2022-11-20 07:00:00,16686.97000000,16738.76000000,16681.13000000,16722.90000000
349,2022-11-20 08:00:00,16722.20000000,16736.41000000,16561.00000000,16615.67000000
350,2022-11-20 09:00:00,16615.67000000,16642.00000000,16596.19000000,16630.48000000
351,2022-11-20 10:00:00,16630.12000000,16683.00000000,16597.29000000,16626.44000000
352,2022-11-20 11:00:00,16626.44000000,16636.57000000,16462.46000000,16525.38000000
353,2022-11-20 12:00:00,16526.04000000,16585.22000000,16461.00000000,16523.52000000
354,2022-11-20 13:00:00,16524.24000000,16600.00000000,16517.34000000,16584.48000000
355,2022-11-20 14:00:00,16584.21000000,16593.40000000,16542.97000000,16549.84000000
356,2022-11-20 15:00:00,16550.25000000,16628.49000000,16533.78000000,16580.53000000
357,2022-11-20 16:00:00,16580.53000000,16590.49000000,16552.37000000,16583.93000000
358,2022-11-20 17:00:00,16583.93000000,16590.21000000,16530.22000000,16548.21000000
359,2022-11-20 18:00:00,16547.82000000,16588.47000000,16533.21000000,16586.93000000
360,2022-11-20 19:00:00,16587.40000000,16613.35000000,16552.00000000,16587.80000000
361,2022-11-20 20:00:00,16587.80000000,16595.85000000,16448.05000000,16537.99000000
362,2022-11-20 21:00:00,16538.84000000,16538.85000000,16212.59000000,16284.23000000
363,2022-11-20 22:00:00,16284.23000000,16358.00000000,16180.00000000,16296.94000000
364,2022-11-20 23:00:00,16296.94000000,16324.58000000,16222.47000000,16280.23000000
365,2022-11-21 00:00:00,16279.50000000,16295.00000000,16123.01000000,16268.73000000
366,2022-11-21 01:00:00,16268.12000000,16283.06000000,16191.00000000,16214.15000000
367,2022-11-21 02:00:00,16214.15000000,16219.99000000,15905.88000000,16010.70000000
368,2022-11-21 03:00:00,16010.31000000,16110.55000000,15897.15000000,16073.75000000
369,2022-11-21 04:00:00,16073.15000000,16319.00000000,16064.22000000,16149.97000000
370,2022-11-21 05:00:00,16149.34000000,16234.66000000,16138.97000000,16228.09000000
371,2022-11-21 06:00:00,16228.09000000,16256.16000000,16082.00000000,16091.53000000
372,2022-11-21 07:00:00,16091.53000000,16150.00000000,15955.99000000,16039.73000000
373,2022-11-21 08:00:00,16040.73000000,16068.13000000,15992.14000000,16035.42000000
374,2022-11-21 09:00:00,16035.87000000,16169.52000000,15964.00000000,16112.48000000
375,2022-11-21 10:00:00,16111.77000000,16153.90000000,16058.63000000,16131.26000000
376,2022-11-21 11:00:00,16131.25000000,16154.99000000,16055.82000000,16084.42000000
377,2022-11-21 12:00:00,16084.42000000,16140.95000000,16025.42000000,16113.86000000
378,2022-11-21 13:00:00,16113.86000000,16284.00000000,16098.83000000,16175.95000000
379,2022-11-21 14:00:00,16176.56000000,16250.00000000,16146.21000000,16163.83000000
380,2022-11-21 15:00:00,16163.83000000,16175.23000000,16109.74000000,16130.45000000
381,2022-11-21 16:00:00,16130.45000000,16139.19000000,15906.52000000,16032.24000000
382,2022-11-21 17:00:00,16032.24000000,16075.59000000,15977.77000000,16015.22000000
383,2022-11-21 18:00:00,16015.22000000,16040.53000000,15930.00000000,15971.36000000
384,2022-11-21 19:00:00,15971.36000000,16006.38000000,15589.68000000,15722.98000000
385,2022-11-21 20:00:00,15721.51000000,15894.74000000,15709.76000000,15785.27000000
386,2022-11-21 21:00:00,15785.27000000,15852.24000000,15476.00000000,15649.52000000
387,2022-11-21 22:00:00,15648.23000000,15869.41000000,15614.96000000,15740.27000000
388,2022-11-21 23:00:00,15739.38000000,15857.07000000,15726.38000000,15781.29000000
389,2022-11-22 00:00:00,15781.29000000,15967.76000000,15746.16000000,15866.48000000
390,2022-11-22 01:00:00,15866.48000000,15899.92000000,15800.00000000,15812.06000000
391,2022-11-22 02:00:00,15812.06000000,15920.33000000,15770.01000000,15900.14000000
392,2022-11-22 03:00:00,15900.14000000,15927.37000000,15833.60000000,15847.82000000
393,2022-11-22 04:00:00,15848.53000000,15868.00000000,15800.03000000,15822.79000000
394,2022-11-22 05:00:00,15822.79000000,15882.87000000,15773.78000000,15803.90000000
395,2022-11-22 06:00:00,15804.23000000,15821.71000000,15661.00000000,15687.47000000
396,2022-11-22 07:00:00,15687.47000000,15781.34000000,15616.63000000,15760.42000000
397,2022-11-22 08:00:00,15760.42000000,15769.99000000,15660.00000000,15729.98000000
398,2022-11-22 09:00:00,15729.98000000,15775.69000000,15669.24000000,15687.97000000
399,2022-11-22 10:00:00,15687.97000000,15824.16000000,15661.21000000,15797.30000000
400,2022-11-22 11:00:00,15796.44000000,15816.09000000,15701.00000000,15747.88000000
401,2022-11-22 12:00:00,15747.88000000,15863.20000000,15683.33000000,15836.41000000
402,2022-11-22 13:00:00,15835.30000000,16218.00000000,15827.55000000,16171.01000000
403,2022-11-22 14:00:00,16171.01000000,16218.00000000,16039.88000000,16117.28000000
404,2022-11-22 15:00:00,16117.28000000,16315.00000000,16113.88000000,16241.30000000
405,2022-11-22 16:00:00,16241.30000000,16290.27000000,16153.71000000,16171.69000000
406,2022-11-22 17:00:00,16171.69000000,16209.88000000,16060.01000000,16081.97000000
407,2022-11-22 18:00:00,16080.84000000,16174.23000000,16049.87000000,16140.29000000
408,2022-11-22 19:00:00,16139.44000000,16246.34000000,16100.82000000,16168.38000000
409,2022-11-22 20:00:00,16167.49000000,16193.07000000,16128.00000000,16135.92000000
410,2022-11-22 21:00:00,16134.85000000,16180.00000000,16085.54000000,16147.13000000
411,2022-11-22 22:00:00,16145.77000000,16254.99000000,16100.68000000,16184.90000000
412,2022-11-22 23:00:00,16186.00000000,16235.61000000,16156.50000000,16226.94000000
413,2022-11-23 00:00:00,16227.96000000,16261.58000000,16168.26000000,16183.16000000
414,2022-11-23 01:00:00,16183.16000000,16234.60000000,16160.20000000,16220.74000000
415,2022-11-23 02:00:00,16220.74000000,16570.02000000,16213.04000000,16512.44000000
416,2022-11-23 03:00:00,16512.44000000,16593.80000000,16462.20000000,16586.55000000
417,2022-11-23 04:00:00,16584.66000000,16589.99000000,16484.95000000,16508.13000000
418,2022-11-23 05:00:00,16508.13000000,16536.99000000,16444.00000000,16464.07000000
419,2022-11-23 06:00:00,16463.54000000,16522.20000000,16445.94000000,16499.80000000
420,2022-11-23 07:00:00,16499.81000000,16662.10000000,16461.93000000,16583.84000000
421,2022-11-23 08:00:00,16583.84000000,16637.00000000,16500.00000000,16541.86000000
422,2022-11-23 09:00:00,16541.86000000,16600.00000000,16519.71000000,16566.38000000
423,2022-11-23 10:00:00,16565.77000000,16677.25000000,16531.00000000,16611.45000000
424,2022-11-23 11:00:00,16610.97000000,16642.60000000,16566.66000000,16585.77000000
425,2022-11-23 12:00:00,16585.21000000,16604.10000000,16485.14000000,16513.59000000
426,2022-11-23 13:00:00,16514.03000000,16546.00000000,16382.90000000,16394.33000000
427,2022-11-23 14:00:00,16395.48000000,16488.25000000,16342.98000000,16464.98000000
428,2022-11-23 15:00:00,16464.98000000,16511.03000000,16401.97000000,16427.11000000
429,2022-11-23 16:00:00,16427.09000000,16465.63000000,16320.02000000,16334.35000000
430,2022-11-23 17:00:00,16335.33000000,16400.86000000,16328.11000000,16391.62000000
431,2022-11-23 18:00:00,16390.51000000,16582.22000000,16380.00000000,16527.81000000
432,2022-11-23 19:00:00,16527.81000000,16706.00000000,16395.16000000,16473.32000000
433,2022-11-23 20:00:00,16473.32000000,16625.00000000,16426.42000000,16617.47000000
434,2022-11-23 21:00:00,16617.47000000,16620.76000000,16478.57000000,16488.41000000
435,2022-11-23 22:00:00,16488.41000000,16541.50000000,16459.43000000,16512.51000000
436,2022-11-23 23:00:00,16511.59000000,16676.72000000,16497.21000000,16603.11000000
437,2022-11-24 00:00:00,16603.11000000,16627.06000000,16533.65000000,16564.07000000
438,2022-11-24 01:00:00,16562.99000000,16799.99000000,16537.44000000,16747.83000000
439,2022-11-24 02:00:00,16747.83000000,16812.63000000,16678.67000000,16695.18000000
440,2022-11-24 03:00:00,16695.18000000,16772.46000000,16685.00000000,16712.07000000
441,2022-11-24 04:00:00,16711.41000000,16740.01000000,16656.80000000,16697.69000000
442,2022-11-24 05:00:00,16697.27000000,16704.70000000,16645.08000000,16655.80000000
443,2022-11-24 06:00:00,16655.55000000,16726.00000000,16635.66000000,16710.50000000
444,2022-11-24 07:00:00,16710.50000000,16719.03000000,16614.75000000,16623.90000000
445,2022-11-24 08:00:00,16622.38000000,16642.18000000,16520.26000000,16590.98000000
446,2022-11-24 09:00:00,16590.97000000,16619.62000000,16553.55000000,16601.53000000
447,2022-11-24 10:00:00,16601.53000000,16615.00000000,16493.81000000,16558.61000000
448,2022-11-24 11:00:00,16557.81000000,16582.00000000,16530.89000000,16572.11000000
449,2022-11-24 12:00:00,16572.11000000,16588.94000000,16493.01000000,16538.45000000
450,2022-11-24 13:00:00,16538.45000000,16606.52000000,16531.51000000,16586.23000000
451,2022-11-24 14:00:00,16586.23000000,16592.00000000,16458.05000000,16532.59000000
452,2022-11-24 15:00:00,16532.59000000,16580.01000000,16497.57000000,16558.11000000
453,2022-11-24 16:00:00,16559.01000000,16676.00000000,16517.99000000,16622.53000000
454,2022-11-24 17:00:00,16622.52000000,16669.00000000,16581.53000000,16586.73000000
455,2022-11-24 18:00:00,16587.67000000,16604.48000000,16542.22000000,16583.31000000
456,2022-11-24 19:00:00,16583.31000000,16602.29000000,16554.00000000,16577.41000000
457,2022-11-24 20:00:00,16577.05000000,16595.48000000,16553.00000000,16567.36000000
458,2022-11-24 21:00:00,16567.36000000,16577.86000000,16535.01000000,16551.95000000
459,2022-11-24 22:00:00,16552.74000000,16639.00000000,16542.20000000,16612.48000000
460,2022-11-24 23:00:00,16612.48000000,16625.00000000,16560.27000000,16598.95000000
461,2022-11-25 00:00:00,16599.55000000,16622.64000000,16510.46000000,16528.79000000
462,2022-11-25 01:00:00,16529.37000000,16556.58000000,16511.47000000,16526.84000000
463,2022-11-25 02:00:00,16526.84000000,16532.32000000,16470.60000000,16525.78000000
464,2022-11-25 03:00:00,16525.78000000,16527.72000000,16470.00000000,16485.45000000
465,2022-11-25 04:00:00,16485.45000000,16502.19000000,16354.24000000,16391.26000000
466,2022-11-25 05:00:00,16391.93000000,16421.27000000,16360.63000000,16362.80000000
467,2022-11-25 06:00:00,16363.43000000,16444.99000000,16342.81000000,16424.40000000
468,2022-11-25 07:00:00,16424.94000000,16474.88000000,16415.07000000,16461.66000000
469,2022-11-25 08:00:00,16462.22000000,16495.59000000,16420.30000000,16449.37000000
470,2022-11-25 09:00:00,16449.37000000,16480.41000000,16430.12000000,16441.79000000
471,2022-11-25 10:00:00,16442.28000000,16521.62000000,16407.72000000,16477.50000000
472,2022-11-25 11:00:00,16477.93000000,16591.43000000,16470.03000000,16531.64000000
473,2022-11-25 12:00:00,16531.64000000,16584.48000000,16500.25000000,16507.19000000
474,2022-11-25 13:00:00,16507.18000000,16519.82000000,16472.13000000,16491.33000000
475,2022-11-25 14:00:00,16491.82000000,16549.66000000,16435.11000000,16538.89000000
476,2022-11-25 15:00:00,16538.89000000,16570.00000000,16477.00000000,16513.00000000
477,2022-11-25 16:00:00,16513.00000000,16516.98000000,16458.46000000,16485.66000000
478,2022-11-25 17:00:00,16485.14000000,16536.35000000,16474.29000000,16510.38000000
479,2022-11-25 18:00:00,16509.52000000,16528.60000000,16477.13000000,16495.43000000
480,2022-11-25 19:00:00,16495.43000000,16553.88000000,16494.01000000,16523.21000000
481,2022-11-25 20:00:00,16523.67000000,16666.00000000,16516.97000000,16526.13000000
482,2022-11-25 21:00:00,16526.13000000,16539.77000000,16492.57000000,16501.60000000
483,2022-11-25 22:00:00,16502.19000000,16539.10000000,16482.87000000,16529.17000000
484,2022-11-25 23:00:00,16529.02000000,16577.60000000,16494.06000000,16522.14000000
485,2022-11-26 00:00:00,16521.35000000,16591.03000000,16509.60000000,16579.50000000
486,2022-11-26 01:00:00,16579.27000000,16701.99000000,16573.52000000,16633.87000000
487,2022-11-26 02:00:00,16634.33000000,16670.00000000,16617.33000000,16627.90000000
488,2022-11-26 03:00:00,16628.17000000,16644.06000000,16602.78000000,16625.79000000
489,2022-11-26 04:00:00,16625.79000000,16644.72000000,16602.12000000,16630.32000000
490,2022-11-26 05:00:00,16630.32000000,16651.84000000,16619.20000000,16625.48000000
491,2022-11-26 06:00:00,16625.00000000,16626.35000000,16532.50000000,16559.50000000
492,2022-11-26 07:00:00,16559.00000000,16600.00000000,16530.00000000,16583.75000000
493,2022-11-26 08:00:00,16584.13000000,16596.36000000,16567.00000000,16573.03000000
494,2022-11-26 09:00:00,16573.01000000,16600.00000000,16571.57000000,16590.86000000
495,2022-11-26 10:00:00,16590.86000000,16638.23000000,16582.03000000,16596.56000000
496,2022-11-26 11:00:00,16595.82000000,16606.54000000,16556.66000000,16580.31000000
497,2022-11-26 12:00:00,16580.58000000,16598.50000000,16558.32000000,16580.59000000
498,2022-11-26 13:00:00,16580.59000000,16613.21000000,16577.05000000,16596.89000000
499,2022-11-26 14:00:00,16596.22000000,16680.57000000,16536.56000000,16567.05000000
500,2022-11-26 15:00:00,16566.95000000,16582.53000000,16483.25000000,16512.86000000
501,2022-11-26 16:00:00,16512.35000000,16532.91000000,16496.26000000,16508.22000000
502,2022-11-26 17:00:00,16507.75000000,16530.00000000,16490.76000000,16516.05000000
503,2022-11-26 18:00:00,16516.63000000,16526.39000000,16458.38000000,16477.77000000
504,2022-11-26 19:00:00,16477.73000000,16497.43000000,16420.45000000,16488.43000000
505,2022-11-26 20:00:00,16488.44000000,16514.98000000,16484.91000000,16500.90000000
506,2022-11-26 21:00:00,16500.95000000,16549.66000000,16495.61000000,16516.25000000
507,2022-11-26 22:00:00,16516.25000000,16520.00000000,16385.00000000,16425.29000000
508,2022-11-26 23:00:00,16425.29000000,16483.69000000,16416.20000000,16458.57000000
509,2022-11-27 00:00:00,16457.61000000,16503.91000000,16446.59000000,16462.67000000
510,2022-11-27 01:00:00,16462.67000000,16510.37000000,16461.13000000,16485.56000000
511,2022-11-27 02:00:00,16484.95000000,16536.86000000,16482.01000000,16528.20000000
512,2022-11-27 03:00:00,16528.48000000,16575.31000000,16517.08000000,16527.22000000
513,2022-11-27 04:00:00,16527.22000000,16600.00000000,16522.23000000,16565.70000000
514,2022-11-27 05:00:00,16565.70000000,16580.00000000,16531.11000000,16537.01000000
515,2022-11-27 06:00:00,16537.01000000,16594.97000000,16536.43000000,16554.51000000
516,2022-11-27 07:00:00,16554.52000000,16572.00000000,16548.04000000,16562.98000000
517,2022-11-27 08:00:00,16562.98000000,16583.43000000,16522.14000000,16531.75000000
518,2022-11-27 09:00:00,16531.75000000,16547.72000000,16514.01000000,16522.92000000
519,2022-11-27 10:00:00,16522.97000000,16593.91000000,16513.00000000,16541.82000000
520,2022-11-27 11:00:00,16541.82000000,16562.98000000,16527.57000000,16550.91000000
521,2022-11-27 12:00:00,16550.57000000,16578.66000000,16537.48000000,16559.55000000
522,2022-11-27 13:00:00,16559.86000000,16565.30000000,16524.00000000,16539.51000000
523,2022-11-27 14:00:00,16539.51000000,16557.05000000,16520.00000000,16539.48000000
524,2022-11-27 15:00:00,16539.48000000,16586.74000000,16520.26000000,16574.28000000
525,2022-11-27 16:00:00,16573.76000000,16581.60000000,16533.53000000,16537.55000000
526,2022-11-27 17:00:00,16537.55000000,16548.31000000,16520.88000000,16534.20000000
527,2022-11-27 18:00:00,16534.20000000,16567.23000000,16532.00000000,16564.77000000
528,2022-11-27 19:00:00,16564.77000000,16567.63000000,16531.75000000,16555.39000000
529,2022-11-27 20:00:00,16555.39000000,16573.60000000,16546.83000000,16558.87000000
530,2022-11-27 21:00:00,16558.87000000,16595.00000000,16555.41000000,16578.17000000
531,2022-11-27 22:00:00,16578.17000000,16597.36000000,16559.02000000,16573.03000000
532,2022-11-27 23:00:00,16573.03000000,16575.40000000,16401.00000000,16428.78000000
533,2022-11-28 00:00:00,16428.77000000,16487.04000000,16417.00000000,16446.79000000
534,2022-11-28 01:00:00,16446.79000000,16470.00000000,16090.00000000,16144.12000000
535,2022-11-28 02:00:00,16143.40000000,16191.58000000,16051.90000000,16117.63000000
536,2022-11-28 03:00:00,16118.22000000,16206.59000000,16104.62000000,16178.22000000
537,2022-11-28 04:00:00,16177.49000000,16246.98000000,16167.71000000,16209.96000000
538,2022-11-28 05:00:00,16210.30000000,16226.96000000,16146.04000000,16159.31000000
539,2022-11-28 06:00:00,16158.82000000,16217.71000000,16136.00000000,16212.45000000
540,2022-11-28 07:00:00,16213.36000000,16235.20000000,16190.24000000,16222.06000000
541,2022-11-28 08:00:00,16224.14000000,16270.59000000,16193.08000000,16235.26000000
542,2022-11-28 09:00:00,16235.26000000,16248.00000000,16187.01000000,16218.07000000
543,2022-11-28 10:00:00,16218.07000000,16225.62000000,16178.24000000,16196.75000000
544,2022-11-28 11:00:00,16197.21000000,16230.77000000,16190.97000000,16213.29000000
545,2022-11-28 12:00:00,16213.29000000,16239.31000000,16162.04000000,16185.77000000
546,2022-11-28 13:00:00,16185.77000000,16213.48000000,16150.35000000,16179.27000000
547,2022-11-28 14:00:00,16179.46000000,16310.43000000,16170.22000000,16216.40000000
548,2022-11-28 15:00:00,16216.47000000,16238.05000000,16120.38000000,16146.26000000
549,2022-11-28 16:00:00,16146.26000000,16399.69000000,15995.27000000,16311.56000000
550,2022-11-28 17:00:00,16310.53000000,16388.99000000,16192.55000000,16207.12000000
551,2022-11-28 18:00:00,16207.12000000,16232.83000000,16145.00000000,16158.71000000
552,2022-11-28 19:00:00,16159.59000000,16257.85000000,16150.00000000,16224.75000000
553,2022-11-28 20:00:00,16225.53000000,16271.09000000,16211.26000000,16256.33000000
554,2022-11-28 21:00:00,16256.33000000,16262.77000000,16186.00000000,16199.59000000
555,2022-11-28 22:00:00,16200.56000000,16235.21000000,16195.72000000,16220.76000000
556,2022-11-28 23:00:00,16220.36000000,16245.92000000,16195.63000000,16212.91000000
557,2022-11-29 00:00:00,16212.18000000,16224.83000000,16100.00000000,16179.02000000
558,2022-11-29 01:00:00,16178.74000000,16309.03000000,16171.17000000,16250.77000000
559,2022-11-29 02:00:00,16250.77000000,16306.13000000,16246.86000000,16265.83000000
560,2022-11-29 03:00:00,16265.83000000,16305.00000000,16259.51000000,16287.66000000
561,2022-11-29 04:00:00,16287.53000000,16491.99000000,16278.90000000,16432.98000000
562,2022-11-29 05:00:00,16432.22000000,16541.59000000,16432.19000000,16484.85000000
563,2022-11-29 06:00:00,16484.85000000,16515.37000000,16450.23000000,16462.91000000
564,2022-11-29 07:00:00,16462.91000000,16506.47000000,16458.95000000,16463.31000000
565,2022-11-29 08:00:00,16463.95000000,16548.71000000,16430.00000000,16498.61000000
566,2022-11-29 09:00:00,16498.03000000,16527.51000000,16480.59000000,16516.64000000
567,2022-11-29 10:00:00,16516.64000000,16534.18000000,16484.77000000,16504.35000000
568,2022-11-29 11:00:00,16505.01000000,16541.86000000,16488.47000000,16497.64000000
569,2022-11-29 12:00:00,16496.73000000,16508.04000000,16468.08000000,16486.66000000
570,2022-11-29 13:00:00,16486.67000000,16489.00000000,16380.89000000,16412.54000000
571,2022-11-29 14:00:00,16412.54000000,16463.00000000,16328.84000000,16361.78000000
572,2022-11-29 15:00:00,16362.64000000,16457.30000000,16343.47000000,16393.48000000
573,2022-11-29 16:00:00,16394.34000000,16429.28000000,16342.59000000,16410.67000000
574,2022-11-29 17:00:00,16410.67000000,16427.59000000,16358.87000000,16379.72000000
575,2022-11-29 18:00:00,16379.72000000,16438.99000000,16357.19000000,16419.68000000
576,2022-11-29 19:00:00,16419.68000000,16479.84000000,16417.54000000,16426.56000000
577,2022-11-29 20:00:00,16426.56000000,16512.39000000,16423.19000000,16496.48000000
578,2022-11-29 21:00:00,16495.74000000,16499.99000000,16453.12000000,16465.95000000
579,2022-11-29 22:00:00,16465.36000000,16500.39000000,16452.39000000,16495.59000000
580,2022-11-29 23:00:00,16494.61000000,16526.91000000,16426.24000000,16442.53000000
581,2022-11-30 00:00:00,16442.91000000,16899.10000000,16428.30000000,16845.72000000
582,2022-11-30 01:00:00,16846.85000000,16950.82000000,16825.16000000,16880.19000000
583,2022-11-30 02:00:00,16879.22000000,17162.20000000,16879.00000000,16961.35000000
584,2022-11-30 03:00:00,16961.35000000,16979.23000000,16840.02000000,16845.25000000
585,2022-11-30 04:00:00,16845.25000000,16891.02000000,16794.16000000,16879.53000000
586,2022-11-30 05:00:00,16879.53000000,16914.58000000,16861.39000000,16864.10000000
587,2022-11-30 06:00:00,16863.45000000,16870.77000000,16830.38000000,16860.61000000
588,2022-11-30 07:00:00,16860.61000000,16920.16000000,16858.90000000,16884.18000000
589,2022-11-30 08:00:00,16883.87000000,16930.66000000,16874.02000000,16890.65000000
590,2022-11-30 09:00:00,16890.65000000,16906.00000000,16835.75000000,16879.49000000
591,2022-11-30 10:00:00,16879.83000000,16899.56000000,16863.99000000,16865.06000000
592,2022-11-30 11:00:00,16865.49000000,16898.86000000,16864.29000000,16879.32000000
593,2022-11-30 12:00:00,16879.32000000,16888.00000000,16768.72000000,16777.24000000
594,2022-11-30 13:00:00,16777.24000000,16897.00000000,16766.68000000,16810.12000000
595,2022-11-30 14:00:00,16810.12000000,16888.00000000,16805.53000000,16847.01000000
596,2022-11-30 15:00:00,16847.01000000,16870.06000000,16796.89000000,16865.64000000
597,2022-11-30 16:00:00,16865.64000000,16907.90000000,16828.55000000,16861.98000000
598,2022-11-30 17:00:00,16861.98000000,16876.52000000,16720.56000000,16789.66000000
599,2022-11-30 18:00:00,16789.66000000,16986.00000000,16705.00000000,16921.44000000
600,2022-11-30 19:00:00,16920.45000000,17147.16000000,16917.30000000,17062.85000000
601,2022-11-30 20:00:00,17061.14000000,17103.52000000,17030.21000000,17097.19000000
602,2022-11-30 21:00:00,17098.37000000,17111.70000000,17028.37000000,17106.65000000
603,2022-11-30 22:00:00,17106.64000000,17249.00000000,17069.04000000,17148.29000000
604,2022-11-30 23:00:00,17148.29000000,17227.23000000,17109.98000000,17163.64000000
605,2022-12-01 00:00:00,17165.53000000,17236.29000000,17122.65000000,17161.55000000
606,2022-12-01 01:00:00,17161.55000000,17170.32000000,17105.37000000,17117.13000000
607,2022-12-01 02:00:00,17117.13000000,17142.99000000,17088.01000000,17123.98000000
608,2022-12-01 03:00:00,17124.53000000,17169.73000000,17122.18000000,17150.98000000
609,2022-12-01 04:00:00,17150.98000000,17168.00000000,17129.27000000,17142.23000000
610,2022-12-01 05:00:00,17142.23000000,17151.75000000,17059.58000000,17110.11000000
611,2022-12-01 06:00:00,17110.95000000,17130.00000000,17084.49000000,17120.89000000
612,2022-12-01 07:00:00,17120.35000000,17124.67000000,17064.11000000,17070.21000000
613,2022-12-01 08:00:00,17070.21000000,17137.75000000,17058.51000000,17110.79000000
614,2022-12-01 09:00:00,17110.79000000,17119.25000000,17086.01000000,17111.70000000
615,2022-12-01 10:00:00,17111.40000000,17113.98000000,17086.01000000,17096.31000000
616,2022-12-01 11:00:00,17096.31000000,17107.74000000,17042.37000000,17102.47000000
617,2022-12-01 12:00:00,17102.47000000,17156.33000000,17100.00000000,17136.27000000
618,2022-12-01 13:00:00,17136.27000000,17324.00000000,16974.44000000,17088.86000000
619,2022-12-01 14:00:00,17089.84000000,17143.78000000,17027.66000000,17104.27000000
620,2022-12-01 15:00:00,17104.27000000,17145.58000000,16895.02000000,16977.67000000
621,2022-12-01 16:00:00,16977.60000000,17000.00000000,16919.40000000,16981.76000000
622,2022-12-01 17:00:00,16981.76000000,16990.00000000,16928.20000000,16967.67000000
623,2022-12-01 18:00:00,16967.67000000,16976.33000000,16908.05000000,16931.04000000
624,2022-12-01 19:00:00,16931.74000000,16961.32000000,16897.15000000,16951.80000000
625,2022-12-01 20:00:00,16952.49000000,16967.79000000,16909.11000000,16916.12000000
626,2022-12-01 21:00:00,16917.05000000,16939.27000000,16855.01000000,16924.08000000
627,2022-12-01 22:00:00,16924.08000000,16987.29000000,16917.42000000,16965.24000000
628,2022-12-01 23:00:00,16965.90000000,16980.24000000,16940.83000000,16977.37000000
629,2022-12-02 00:00:00,16978.00000000,17046.45000000,16951.46000000,17037.82000000
630,2022-12-02 01:00:00,17037.82000000,17048.99000000,16869.57000000,16925.79000000
631,2022-12-02 02:00:00,16925.25000000,16942.22000000,16857.89000000,16920.59000000
632,2022-12-02 03:00:00,16920.59000000,16930.35000000,16890.05000000,16902.03000000
633,2022-12-02 04:00:00,16902.03000000,16934.10000000,16879.08000000,16927.78000000
634,2022-12-02 05:00:00,16927.78000000,16944.84000000,16922.73000000,16934.84000000
635,2022-12-02 06:00:00,16935.46000000,16953.55000000,16907.21000000,16910.53000000
636,2022-12-02 07:00:00,16910.82000000,16973.72000000,16906.99000000,16955.82000000
637,2022-12-02 08:00:00,16955.42000000,16972.00000000,16936.15000000,16964.56000000
638,2022-12-02 09:00:00,16964.56000000,16989.57000000,16956.00000000,16962.17000000
639,2022-12-02 10:00:00,16962.17000000,16976.15000000,16946.13000000,16969.21000000
640,2022-12-02 11:00:00,16969.21000000,17065.00000000,16954.45000000,16996.92000000
641,2022-12-02 12:00:00,16996.92000000,17047.28000000,16985.79000000,17031.50000000
642,2022-12-02 13:00:00,17031.50000000,17105.73000000,16787.85000000,16889.18000000
643,2022-12-02 14:00:00,16889.18000000,16989.23000000,16853.52000000,16909.54000000
644,2022-12-02 15:00:00,16909.01000000,16979.87000000,16892.59000000,16938.94000000
645,2022-12-02 16:00:00,16938.94000000,16948.75000000,16902.10000000,16936.51000000
646,2022-12-02 17:00:00,16936.75000000,16973.43000000,16930.21000000,16936.33000000
647,2022-12-02 18:00:00,16935.68000000,16967.55000000,16933.08000000,16953.93000000
648,2022-12-02 19:00:00,16954.63000000,16997.19000000,16930.03000000,16987.01000000
649,2022-12-02 20:00:00,16987.01000000,17057.42000000,16977.49000000,17029.59000000
650,2022-12-02 21:00:00,17029.59000000,17050.64000000,16994.59000000,17012.38000000
651,2022-12-02 22:00:00,17012.38000000,17079.00000000,17010.14000000,17041.94000000
652,2022-12-02 23:00:00,17041.26000000,17099.00000000,17041.18000000,17092.74000000
653,2022-12-03 00:00:00,17092.13000000,17188.98000000,17038.00000000,17047.93000000
654,2022-12-03 01:00:00,17047.93000000,17056.25000000,17012.34000000,17051.11000000
655,2022-12-03 02:00:00,17051.11000000,17058.95000000,17012.65000000,17028.46000000
656,2022-12-03 03:00:00,17028.46000000,17032.52000000,17011.00000000,17020.89000000
657,2022-12-03 04:00:00,17021.16000000,17036.24000000,17008.41000000,17015.45000000
658,2022-12-03 05:00:00,17015.45000000,17026.47000000,17011.00000000,17016.31000000
659,2022-12-03 06:00:00,17016.31000000,17018.49000000,16943.73000000,16976.72000000
660,2022-12-03 07:00:00,16976.11000000,16984.33000000,16925.55000000,16964.51000000
661,2022-12-03 08:00:00,16964.51000000,16967.38000000,16918.00000000,16947.09000000
662,2022-12-03 09:00:00,16947.09000000,16987.00000000,16929.81000000,16979.13000000
663,2022-12-03 10:00:00,16979.13000000,16984.50000000,16951.47000000,16963.51000000
664,2022-12-03 11:00:00,16963.51000000,16965.66000000,16880.88000000,16943.43000000
665,2022-12-03 12:00:00,16943.43000000,16968.99000000,16930.42000000,16965.71000000
666,2022-12-03 13:00:00,16966.19000000,16966.64000000,16942.56000000,16952.53000000
667,2022-12-03 14:00:00,16953.24000000,16955.31000000,16921.07000000,16947.15000000
668,2022-12-03 15:00:00,16947.15000000,16983.77000000,16940.54000000,16961.49000000
669,2022-12-03 16:00:00,16961.04000000,16967.54000000,16945.01000000,16954.60000000
670,2022-12-03 17:00:00,16954.60000000,16982.01000000,16938.88000000,16971.08000000
671,2022-12-03 18:00:00,16971.08000000,16983.65000000,16950.52000000,16969.45000000
672,2022-12-03 19:00:00,16969.36000000,16972.93000000,16937.84000000,16953.40000000
673,2022-12-03 20:00:00,16953.88000000,16959.61000000,16911.94000000,16934.23000000
674,2022-12-03 21:00:00,16934.16000000,16952.12000000,16875.00000000,16947.76000000
675,2022-12-03 22:00:00,16947.76000000,16952.36000000,16858.74000000,16901.27000000
676,2022-12-03 23:00:00,16901.27000000,16917.01000000,16870.69000000,16885.20000000
677,2022-12-04 00:00:00,16885.20000000,16967.53000000,16878.25000000,16948.14000000
678,2022-12-04 01:00:00,16948.56000000,17049.45000000,16935.00000000,16967.26000000
679,2022-12-04 02:00:00,16967.26000000,16986.85000000,16945.61000000,16973.96000000
680,2022-12-04 03:00:00,16973.70000000,16979.28000000,16948.00000000,16959.64000000
681,2022-12-04 04:00:00,16959.64000000,17020.90000000,16958.15000000,17007.70000000
682,2022-12-04 05:00:00,17007.70000000,17068.00000000,17000.11000000,17015.09000000
683,2022-12-04 06:00:00,17015.68000000,17047.00000000,16993.00000000,16999.02000000
684,2022-12-04 07:00:00,16999.02000000,17016.22000000,16989.00000000,16996.39000000
685,2022-12-04 08:00:00,16996.39000000,17050.00000000,16976.05000000,17012.10000000
686,2022-12-04 09:00:00,17012.10000000,17033.77000000,17000.00000000,17000.65000000
687,2022-12-04 10:00:00,17000.17000000,17008.99000000,16991.54000000,17001.95000000
688,2022-12-04 11:00:00,17001.43000000,17006.23000000,16905.01000000,16948.64000000
689,2022-12-04 12:00:00,16948.64000000,16962.89000000,16926.54000000,16956.92000000
690,2022-12-04 13:00:00,16957.33000000,16959.00000000,16915.00000000,16946.81000000
691,2022-12-04 14:00:00,16946.66000000,17014.18000000,16930.89000000,17006.96000000
692,2022-12-04 15:00:00,17007.72000000,17067.45000000,17006.99000000,17029.88000000
693,2022-12-04 16:00:00,17029.88000000,17100.00000000,17003.79000000,17016.60000000
694,2022-12-04 17:00:00,17016.60000000,17058.64000000,16972.36000000,17052.24000000
695,2022-12-04 18:00:00,17052.21000000,17159.00000000,17034.73000000,17064.60000000
696,2022-12-04 19:00:00,17064.61000000,17104.96000000,17047.41000000,17085.53000000
697,2022-12-04 20:00:00,17085.53000000,17127.88000000,17069.01000000,17091.76000000
698,2022-12-04 21:00:00,17091.18000000,17120.00000000,17072.38000000,17110.25000000
699,2022-12-04 22:00:00,17110.25000000,17133.40000000,17075.55000000,17103.53000000
700,2022-12-04 23:00:00,17103.29000000,17202.84000000,17080.00000000,17105.70000000
701,2022-12-05 00:00:00,17106.65000000,17268.38000000,17076.85000000,17216.15000000
702,2022-12-05 01:00:00,17216.15000000,17300.00000000,17196.19000000,17268.49000000
703,2022-12-05 02:00:00,17269.05000000,17349.99000000,17234.04000000,17245.12000000
704,2022-12-05 03:00:00,17245.12000000,17277.96000000,17185.78000000,17196.88000000
705,2022-12-05 04:00:00,17197.22000000,17424.25000000,17191.74000000,17354.32000000
706,2022-12-05 05:00:00,17354.32000000,17407.38000000,17303.02000000,17340.42000000
707,2022-12-05 06:00:00,17340.42000000,17347.00000000,17284.19000000,17308.88000000
708,2022-12-05 07:00:00,17308.28000000,17364.68000000,17293.87000000,17313.93000000
709,2022-12-05 08:00:00,17313.34000000,17386.00000000,17300.00000000,17359.53000000
710,2022-12-05 09:00:00,17359.21000000,17363.20000000,17281.42000000,17303.76000000
711,2022-12-05 10:00:00,17303.76000000,17327.83000000,17282.20000000,17299.28000000
712,2022-12-05 11:00:00,17298.85000000,17315.00000000,17282.95000000,17310.51000000
713,2022-12-05 12:00:00,17310.08000000,17313.48000000,17230.01000000,17254.05000000
714,2022-12-05 13:00:00,17254.63000000,17285.57000000,17211.00000000,17232.41000000
715,2022-12-05 14:00:00,17232.40000000,17238.76000000,17171.45000000,17206.82000000
716,2022-12-05 15:00:00,17206.82000000,17207.27000000,17015.32000000,17083.92000000
717,2022-12-05 16:00:00,17083.92000000,17106.14000000,16980.28000000,17043.22000000
718,2022-12-05 17:00:00,17043.22000000,17087.84000000,16999.84000000,17055.01000000
719,2022-12-05 18:00:00,17055.01000000,17129.72000000,17035.99000000,17048.07000000
720,2022-12-05 19:00:00,17048.98000000,17061.41000000,16867.00000000,16926.65000000
721,2022-12-05 20:00:00,16926.65000000,16951.40000000,16899.09000000,16938.55000000
722,2022-12-05 21:00:00,16938.55000000,16979.01000000,16931.00000000,16973.42000000
723,2022-12-05 22:00:00,16973.93000000,16975.00000000,16930.00000000,16944.00000000
724,2022-12-05 23:00:00,16944.00000000,16989.59000000,16917.35000000,16966.35000000
725,2022-12-06 00:00:00,16966.35000000,17050.61000000,16965.98000000,17043.86000000
726,2022-12-06 01:00:00,17044.26000000,17102.97000000,17025.46000000,17031.22000000
727,2022-12-06 02:00:00,17031.68000000,17083.37000000,17010.01000000,17033.74000000
728,2022-12-06 03:00:00,17034.34000000,17059.35000000,16996.51000000,17003.88000000
729,2022-12-06 04:00:00,17003.84000000,17015.59000000,16966.34000000,17003.90000000
730,2022-12-06 05:00:00,17003.33000000,17009.13000000,16962.18000000,16976.06000000
731,2022-12-06 06:00:00,16976.21000000,17023.41000000,16955.13000000,17001.51000000
732,2022-12-06 07:00:00,17001.51000000,17019.46000000,16988.20000000,17001.17000000
733,2022-12-06 08:00:00,17001.17000000,17041.96000000,16970.03000000,17034.17000000
734,2022-12-06 09:00:00,17034.31000000,17037.55000000,16972.00000000,16974.34000000
735,2022-12-06 10:00:00,16974.41000000,16985.64000000,16938.52000000,16966.84000000
736,2022-12-06 11:00:00,16967.47000000,16992.19000000,16906.37000000,16983.90000000
737,2022-12-06 12:00:00,16983.42000000,17022.33000000,16976.27000000,16996.90000000
738,2022-12-06 13:00:00,16996.90000000,17032.95000000,16975.13000000,16984.94000000
739,2022-12-06 14:00:00,16984.94000000,17018.67000000,16958.00000000,16972.26000000
740,2022-12-06 15:00:00,16972.26000000,17024.67000000,16930.00000000,16985.27000000
741,2022-12-06 16:00:00,16985.27000000,17021.56000000,16965.64000000,16986.40000000
742,2022-12-06 17:00:00,16986.91000000,17006.44000000,16944.77000000,16959.77000000
743,2022-12-06 18:00:00,16959.77000000,16998.42000000,16912.24000000,16971.71000000
744,2022-12-06 19:00:00,16972.49000000,16986.87000000,16925.00000000,16970.93000000
745,2022-12-06 20:00:00,16970.52000000,16997.90000000,16951.75000000,16989.60000000
746,2022-12-06 21:00:00,16988.99000000,17010.85000000,16974.73000000,16993.50000000
747,2022-12-06 22:00:00,16993.69000000,16997.99000000,16958.98000000,16973.83000000
748,2022-12-06 23:00:00,16973.83000000,17107.01000000,16972.36000000,17088.96000000
749,2022-12-07 00:00:00,17088.96000000,17142.21000000,17046.43000000,17064.79000000
750,2022-12-07 01:00:00,17065.32000000,17073.73000000,17018.94000000,17041.01000000
751,2022-12-07 02:00:00,17041.00000000,17067.64000000,17032.86000000,17055.11000000
752,2022-12-07 03:00:00,17055.11000000,17055.54000000,17020.02000000,17025.03000000
753,2022-12-07 04:00:00,17024.97000000,17043.76000000,17012.79000000,17040.56000000
754,2022-12-07 05:00:00,17040.56000000,17046.48000000,16973.26000000,17004.51000000
755,2022-12-07 06:00:00,17004.20000000,17006.58000000,16932.84000000,16956.03000000
756,2022-12-07 07:00:00,16956.03000000,16959.54000000,16729.35000000,16763.03000000
757,2022-12-07 08:00:00,16763.03000000,16816.00000000,16678.83000000,16793.36000000
758,2022-12-07 09:00:00,16792.46000000,16836.69000000,16788.24000000,16834.76000000
759,2022-12-07 10:00:00,16834.76000000,16835.38000000,16787.40000000,16825.53000000
760,2022-12-07 11:00:00,16826.09000000,16832.85000000,16780.33000000,16793.29000000
761,2022-12-07 12:00:00,16793.29000000,16810.81000000,16765.12000000,16794.22000000
762,2022-12-07 13:00:00,16794.21000000,16872.00000000,16793.00000000,16855.24000000
763,2022-12-07 14:00:00,16855.24000000,16897.38000000,16821.15000000,16837.91000000
764,2022-12-07 15:00:00,16838.86000000,16858.88000000,16810.01000000,16837.48000000
765,2022-12-07 16:00:00,16837.48000000,16850.24000000,16778.21000000,16810.75000000
766,2022-12-07 17:00:00,16809.68000000,16826.47000000,16798.30000000,16805.85000000
767,2022-12-07 18:00:00,16805.99000000,16839.38000000,16783.05000000,16783.88000000
768,2022-12-07 19:00:00,16783.88000000,16832.00000000,16783.07000000,16815.73000000
769,2022-12-07 20:00:00,16815.13000000,16844.50000000,16801.02000000,16822.12000000
770,2022-12-07 21:00:00,16821.63000000,16834.00000000,16807.29000000,16828.88000000
771,2022-12-07 22:00:00,16829.53000000,16855.00000000,16793.70000000,16841.87000000
772,2022-12-07 23:00:00,16841.87000000,16865.81000000,16825.00000000,16836.64000000
773,2022-12-08 00:00:00,16836.64000000,16890.01000000,16810.00000000,16812.53000000
774,2022-12-08 01:00:00,16813.01000000,16847.41000000,16780.01000000,16831.68000000
775,2022-12-08 02:00:00,16831.09000000,16883.51000000,16808.36000000,16843.46000000
776,2022-12-08 03:00:00,16843.84000000,16866.86000000,16823.79000000,16834.32000000
777,2022-12-08 04:00:00,16834.32000000,16851.00000000,16811.00000000,16816.89000000
778,2022-12-08 05:00:00,16816.89000000,16826.53000000,16801.03000000,16819.23000000
779,2022-12-08 06:00:00,16819.03000000,16819.62000000,16777.00000000,16804.77000000
780,2022-12-08 07:00:00,16805.18000000,16844.96000000,16800.03000000,16825.55000000
781,2022-12-08 08:00:00,16825.55000000,16839.99000000,16817.81000000,16832.77000000
782,2022-12-08 09:00:00,16832.00000000,16846.34000000,16793.00000000,16801.58000000
783,2022-12-08 10:00:00,16801.18000000,16834.66000000,16798.71000000,16822.91000000
784,2022-12-08 11:00:00,16822.91000000,16863.01000000,16733.49000000,16851.02000000
785,2022-12-08 12:00:00,16850.88000000,16879.16000000,16826.02000000,16829.14000000
786,2022-12-08 13:00:00,16829.14000000,16870.00000000,16802.88000000,16856.57000000
787,2022-12-08 14:00:00,16856.57000000,16939.84000000,16829.26000000,16897.41000000
788,2022-12-08 15:00:00,16897.98000000,16957.79000000,16881.26000000,16917.40000000
789,2022-12-08 16:00:00,16917.39000000,16957.88000000,16909.46000000,16947.80000000
790,2022-12-08 17:00:00,16947.80000000,16977.36000000,16933.65000000,16966.57000000
791,2022-12-08 18:00:00,16966.57000000,17282.15000000,16958.96000000,17248.03000000
792,2022-12-08 19:00:00,17248.03000000,17299.00000000,17187.00000000,17251.62000000
793,2022-12-08 20:00:00,17251.32000000,17297.65000000,17154.94000000,17195.91000000
794,2022-12-08 21:00:00,17195.91000000,17204.78000000,17169.25000000,17180.93000000
795,2022-12-08 22:00:00,17180.93000000,17246.88000000,17176.04000000,17201.83000000
796,2022-12-08 23:00:00,17202.36000000,17279.76000000,17201.23000000,17224.10000000
797,2022-12-09 00:00:00,17224.10000000,17259.00000000,17186.50000000,17204.52000000
798,2022-12-09 01:00:00,17204.52000000,17300.00000000,17198.12000000,17234.84000000
799,2022-12-09 02:00:00,17235.43000000,17255.61000000,17204.42000000,17216.38000000
800,2022-12-09 03:00:00,17215.82000000,17234.09000000,17191.05000000,17202.66000000
801,2022-12-09 04:00:00,17202.01000000,17229.00000000,17188.00000000,17225.41000000
802,2022-12-09 05:00:00,17225.41000000,17225.41000000,17200.80000000,17218.24000000
803,2022-12-09 06:00:00,17218.24000000,17220.00000000,17191.41000000,17218.00000000
804,2022-12-09 07:00:00,17218.00000000,17235.85000000,17210.54000000,17211.93000000
805,2022-12-09 08:00:00,17211.65000000,17216.00000000,17200.00000000,17206.31000000
806,2022-12-09 09:00:00,17206.31000000,17263.70000000,17201.76000000,17237.40000000
807,2022-12-09 10:00:00,17238.06000000,17269.39000000,17203.12000000,17216.21000000
808,2022-12-09 11:00:00,17216.21000000,17257.28000000,17209.29000000,17241.44000000
809,2022-12-09 12:00:00,17241.16000000,17360.00000000,17170.85000000,17256.24000000
810,2022-12-09 13:00:00,17257.31000000,17275.22000000,17058.21000000,17150.70000000
811,2022-12-09 14:00:00,17151.55000000,17173.94000000,17079.83000000,17156.25000000
812,2022-12-09 15:00:00,17156.25000000,17199.36000000,17136.94000000,17181.50000000
813,2022-12-09 16:00:00,17181.50000000,17187.51000000,17152.07000000,17159.90000000
814,2022-12-09 17:00:00,17159.12000000,17171.38000000,17150.61000000,17164.34000000
815,2022-12-09 18:00:00,17163.99000000,17164.48000000,17119.03000000,17147.42000000
816,2022-12-09 19:00:00,17147.42000000,17165.20000000,17122.48000000,17142.67000000
817,2022-12-09 20:00:00,17142.67000000,17151.63000000,17096.38000000,17101.31000000
818,2022-12-09 21:00:00,17101.31000000,17124.33000000,17067.10000000,17111.10000000
819,2022-12-09 22:00:00,17111.10000000,17132.97000000,17105.49000000,17132.97000000
820,2022-12-09 23:00:00,17132.87000000,17158.22000000,17117.11000000,17128.56000000
821,2022-12-10 00:00:00,17128.56000000,17169.09000000,17120.77000000,17152.88000000
822,2022-12-10 01:00:00,17152.44000000,17166.40000000,17146.64000000,17154.43000000
823,2022-12-10 02:00:00,17154.10000000,17159.31000000,17116.40000000,17141.04000000
824,2022-12-10 03:00:00,17141.37000000,17159.50000000,17134.58000000,17145.08000000
825,2022-12-10 04:00:00,17145.08000000,17163.51000000,17137.88000000,17152.17000000
826,2022-12-10 05:00:00,17152.09000000,17157.41000000,17132.50000000,17134.12000000
827,2022-12-10 06:00:00,17134.12000000,17163.98000000,17130.28000000,17147.21000000
828,2022-12-10 07:00:00,17147.18000000,17178.00000000,17139.26000000,17154.06000000
829,2022-12-10 08:00:00,17154.06000000,17157.72000000,17140.00000000,17141.82000000
830,2022-12-10 09:00:00,17141.82000000,17147.18000000,17112.52000000,17145.29000000
831,2022-12-10 10:00:00,17145.29000000,17173.44000000,17140.84000000,17163.94000000
832,2022-12-10 11:00:00,17163.54000000,17173.91000000,17151.33000000,17168.61000000
833,2022-12-10 12:00:00,17168.17000000,17178.16000000,17140.23000000,17159.01000000
834,2022-12-10 13:00:00,17159.12000000,17194.35000000,17141.55000000,17158.24000000
835,2022-12-10 14:00:00,17158.24000000,17175.71000000,17142.91000000,17166.34000000
836,2022-12-10 15:00:00,17166.16000000,17225.12000000,17160.72000000,17207.70000000
837,2022-12-10 16:00:00,17207.69000000,17227.72000000,17170.55000000,17189.29000000
838,2022-12-10 17:00:00,17189.81000000,17201.18000000,17160.14000000,17169.18000000
839,2022-12-10 18:00:00,17169.18000000,17194.76000000,17167.69000000,17185.62000000
840,2022-12-10 19:00:00,17185.23000000,17191.29000000,17165.14000000,17175.80000000
841,2022-12-10 20:00:00,17175.50000000,17183.87000000,17166.73000000,17171.31000000
842,2022-12-10 21:00:00,17171.31000000,17177.16000000,17125.00000000,17125.43000000
843,2022-12-10 22:00:00,17125.43000000,17159.82000000,17112.25000000,17138.24000000
844,2022-12-10 23:00:00,17138.24000000,17149.65000000,17092.00000000,17127.49000000
845,2022-12-11 00:00:00,17127.49000000,17146.80000000,17121.92000000,17141.07000000
846,2022-12-11 01:00:00,17140.78000000,17170.60000000,17135.19000000,17163.92000000
847,2022-12-11 02:00:00,17164.40000000,17166.90000000,17139.79000000,17143.85000000
848,2022-12-11 03:00:00,17143.85000000,17175.00000000,17140.03000000,17153.61000000
849,2022-12-11 04:00:00,17153.81000000,17172.14000000,17150.29000000,17168.54000000
850,2022-12-11 05:00:00,17168.74000000,17190.33000000,17152.53000000,17174.82000000
851,2022-12-11 06:00:00,17174.82000000,17200.00000000,17163.00000000,17172.22000000
852,2022-12-11 07:00:00,17172.22000000,17194.07000000,17152.94000000,17180.88000000
853,2022-12-11 08:00:00,17180.88000000,17187.67000000,17154.56000000,17176.67000000
854,2022-12-11 09:00:00,17176.67000000,17177.32000000,17160.01000000,17168.21000000
855,2022-12-11 10:00:00,17167.86000000,17174.66000000,17148.22000000,17167.04000000
856,2022-12-11 11:00:00,17166.81000000,17171.99000000,17140.01000000,17167.43000000
857,2022-12-11 12:00:00,17167.12000000,17169.76000000,17145.66000000,17160.19000000
858,2022-12-11 13:00:00,17159.90000000,17169.80000000,17127.96000000,17157.50000000
859,2022-12-11 14:00:00,17157.21000000,17159.58000000,17130.10000000,17154.75000000
860,2022-12-11 15:00:00,17154.94000000,17157.77000000,17139.67000000,17153.52000000
861,2022-12-11 16:00:00,17153.52000000,17169.40000000,17146.00000000,17163.97000000
862,2022-12-11 17:00:00,17164.13000000,17177.65000000,17163.68000000,17177.19000000
863,2022-12-11 18:00:00,17177.18000000,17214.78000000,17168.00000000,17202.15000000
864,2022-12-11 19:00:00,17203.00000000,17270.99000000,17136.00000000,17177.43000000
865,2022-12-11 20:00:00,17177.88000000,17179.40000000,17088.00000000,17100.97000000
866,2022-12-11 21:00:00,17100.97000000,17148.94000000,17089.10000000,17113.20000000
867,2022-12-11 22:00:00,17113.20000000,17129.03000000,17090.03000000,17101.41000000
868,2022-12-11 23:00:00,17101.41000000,17129.30000000,17071.00000000,17085.05000000
869,2022-12-12 00:00:00,17085.05000000,17087.67000000,16929.65000000,16950.25000000
870,2022-12-12 01:00:00,16949.76000000,16979.11000000,16921.00000000,16951.26000000
871,2022-12-12 02:00:00,16951.26000000,16959.42000000,16871.85000000,16902.51000000
872,2022-12-12 03:00:00,16902.51000000,16921.12000000,16875.73000000,16918.97000000
873,2022-12-12 04:00:00,16918.69000000,16938.21000000,16903.64000000,16932.45000000
874,2022-12-12 05:00:00,16933.01000000,16948.66000000,16923.91000000,16945.12000000
875,2022-12-12 06:00:00,16945.12000000,16945.31000000,16926.01000000,16939.47000000
876,2022-12-12 07:00:00,16939.34000000,16943.94000000,16906.05000000,16923.94000000
877,2022-12-12 08:00:00,16923.61000000,16941.31000000,16903.49000000,16935.11000000
878,2022-12-12 09:00:00,16935.11000000,16975.00000000,16930.69000000,16961.21000000
879,2022-12-12 10:00:00,16961.41000000,17008.40000000,16959.54000000,16987.47000000
880,2022-12-12 11:00:00,16987.47000000,16993.54000000,16978.74000000,16988.62000000
881,2022-12-12 12:00:00,16989.45000000,17010.00000000,16920.61000000,16961.55000000
882,2022-12-12 13:00:00,16962.13000000,17002.89000000,16960.00000000,16970.47000000
883,2022-12-12 14:00:00,16970.49000000,17054.79000000,16967.93000000,17018.29000000
884,2022-12-12 15:00:00,17017.89000000,17043.63000000,17003.80000000,17010.81000000
885,2022-12-12 16:00:00,17010.19000000,17022.02000000,16988.01000000,17002.49000000
886,2022-12-12 17:00:00,17002.50000000,17015.00000000,16981.03000000,17010.09000000
887,2022-12-12 18:00:00,17010.50000000,17032.00000000,17005.00000000,17023.15000000
888,2022-12-12 19:00:00,17023.15000000,17046.43000000,17005.70000000,17043.22000000
889,2022-12-12 20:00:00,17043.22000000,17124.99000000,17042.48000000,17123.19000000
890,2022-12-12 21:00:00,17123.57000000,17219.72000000,17118.00000000,17175.67000000
891,2022-12-12 22:00:00,17175.67000000,17193.04000000,17141.44000000,17157.98000000
892,2022-12-12 23:00:00,17157.98000000,17241.89000000,17153.60000000,17209.83000000
893,2022-12-13 00:00:00,17208.93000000,17238.70000000,17145.00000000,17159.10000000
894,2022-12-13 01:00:00,17159.10000000,17166.98000000,17140.09000000,17146.05000000
895,2022-12-13 02:00:00,17146.05000000,17158.99000000,17119.02000000,17151.39000000
896,2022-12-13 03:00:00,17151.74000000,17167.85000000,17135.00000000,17152.37000000
897,2022-12-13 04:00:00,17152.37000000,17189.42000000,17135.34000000,17168.95000000
898,2022-12-13 05:00:00,17169.31000000,17196.50000000,17161.32000000,17186.44000000
899,2022-12-13 06:00:00,17185.59000000,17208.47000000,17141.00000000,17151.56000000
900,2022-12-13 07:00:00,17151.56000000,17179.41000000,17080.14000000,17165.17000000
901,2022-12-13 08:00:00,17164.82000000,17187.18000000,17155.00000000,17160.16000000
902,2022-12-13 09:00:00,17160.14000000,17500.00000000,17155.50000000,17427.82000000
903,2022-12-13 10:00:00,17427.82000000,17477.06000000,17357.74000000,17392.26000000
904,2022-12-13 11:00:00,17392.63000000,17482.59000000,17387.02000000,17444.63000000
905,2022-12-13 12:00:00,17444.32000000,17500.00000000,17404.11000000,17426.84000000
906,2022-12-13 13:00:00,17427.02000000,18000.00000000,17395.00000000,17897.86000000
907,2022-12-13 14:00:00,17899.26000000,17951.83000000,17832.16000000,17871.78000000
908,2022-12-13 15:00:00,17871.78000000,17887.41000000,17731.00000000,17752.94000000
909,2022-12-13 16:00:00,17753.54000000,17840.00000000,17722.09000000,17757.07000000
910,2022-12-13 17:00:00,17758.27000000,17792.55000000,17618.38000000,17643.73000000
911,2022-12-13 18:00:00,17644.60000000,17732.00000000,17631.17000000,17713.69000000
912,2022-12-13 19:00:00,17713.69000000,17787.18000000,17695.30000000,17740.86000000
913,2022-12-13 20:00:00,17741.83000000,17781.97000000,17705.70000000,17747.22000000
914,2022-12-13 21:00:00,17748.32000000,17779.12000000,17730.23000000,17767.73000000
915,2022-12-13 22:00:00,17767.73000000,17788.20000000,17705.01000000,17776.88000000
916,2022-12-13 23:00:00,17776.88000000,17818.99000000,17741.47000000,17774.70000000
917,2022-12-14 00:00:00,17775.82000000,17834.05000000,17750.00000000,17818.88000000
918,2022-12-14 01:00:00,17818.40000000,17845.00000000,17771.92000000,17780.99000000
919,2022-12-14 02:00:00,17781.44000000,17810.70000000,17751.51000000,17794.93000000
920,2022-12-14 03:00:00,17794.44000000,17838.28000000,17780.21000000,17781.68000000
921,2022-12-14 04:00:00,17781.68000000,17789.65000000,17750.00000000,17769.29000000
922,2022-12-14 05:00:00,17769.29000000,17790.67000000,17734.19000000,17784.86000000
923,2022-12-14 06:00:00,17785.28000000,17796.79000000,17761.74000000,17783.33000000
924,2022-12-14 07:00:00,17784.13000000,17817.46000000,17777.73000000,17806.01000000
925,2022-12-14 08:00:00,17805.54000000,17878.50000000,17793.35000000,17840.19000000
926,2022-12-14 09:00:00,17840.71000000,17847.78000000,17785.00000000,17815.22000000
927,2022-12-14 10:00:00,17815.22000000,17838.33000000,17795.06000000,17828.13000000
928,2022-12-14 11:00:00,17827.67000000,17859.38000000,17807.24000000,17824.93000000
929,2022-12-14 12:00:00,17824.93000000,17934.78000000,17815.75000000,17914.27000000
930,2022-12-14 13:00:00,17913.65000000,17963.93000000,17861.59000000,17894.86000000
931,2022-12-14 14:00:00,17894.85000000,18095.00000000,17892.97000000,18062.07000000
932,2022-12-14 15:00:00,18062.82000000,18116.00000000,18019.32000000,18061.83000000
933,2022-12-14 16:00:00,18061.83000000,18157.40000000,18054.51000000,18103.26000000
934,2022-12-14 17:00:00,18102.44000000,18150.00000000,18074.94000000,18096.48000000
935,2022-12-14 18:00:00,18096.48000000,18387.95000000,17915.31000000,18213.47000000
936,2022-12-14 19:00:00,18222.21000000,18350.00000000,17709.62000000,17792.90000000
937,2022-12-14 20:00:00,17792.90000000,17947.33000000,17660.94000000,17765.97000000
938,2022-12-14 21:00:00,17765.98000000,17849.83000000,17764.41000000,17832.65000000
939,2022-12-14 22:00:00,17831.61000000,17878.73000000,17791.09000000,17837.00000000
940,2022-12-14 23:00:00,17837.00000000,17846.63000000,17775.00000000,17803.15000000
941,2022-12-15 00:00:00,17804.01000000,17854.82000000,17783.03000000,17792.15000000
942,2022-12-15 01:00:00,17791.53000000,17822.16000000,17605.01000000,17631.60000000
943,2022-12-15 02:00:00,17631.77000000,17726.35000000,17561.00000000,17716.77000000
944,2022-12-15 03:00:00,17716.77000000,17754.97000000,17696.17000000,17729.56000000
945,2022-12-15 04:00:00,17729.57000000,17732.46000000,17681.30000000,17708.01000000
946,2022-12-15 05:00:00,17708.14000000,17738.22000000,17691.10000000,17714.01000000
947,2022-12-15 06:00:00,17714.01000000,17746.00000000,17707.29000000,17718.95000000
948,2022-12-15 07:00:00,17719.38000000,17738.86000000,17683.32000000,17691.45000000
949,2022-12-15 08:00:00,17690.84000000,17713.24000000,17620.01000000,17627.85000000
950,2022-12-15 09:00:00,17628.47000000,17697.56000000,17610.22000000,17695.53000000
951,2022-12-15 10:00:00,17696.20000000,17698.29000000,17646.19000000,17665.84000000
952,2022-12-15 11:00:00,17665.21000000,17726.00000000,17651.00000000,17720.33000000
953,2022-12-15 12:00:00,17720.33000000,17725.93000000,17660.01000000,17683.43000000
954,2022-12-15 13:00:00,17683.89000000,17692.87000000,17454.39000000,17506.34000000
955,2022-12-15 14:00:00,17505.46000000,17550.11000000,17401.80000000,17454.83000000
956,2022-12-15 15:00:00,17454.85000000,17492.37000000,17374.89000000,17429.05000000
957,2022-12-15 16:00:00,17428.43000000,17446.37000000,17341.77000000,17398.61000000
958,2022-12-15 17:00:00,17399.54000000,17443.36000000,17375.29000000,17399.32000000
959,2022-12-15 18:00:00,17398.60000000,17422.43000000,17387.53000000,17404.18000000
